symbol,side,leg,entry_time,entry_price,exit_time,exit_price,exit_reason,qty_lots,lot_size,pnl,vix_entry,vix_exit,atr_entry,atr_exit,pcr_entry,pcr_exit,contract_oi_entry,contract_oi_exit
NIFTY25090924700PE,buy,current,2025-09-03T09:40:00+05:30,188.35,2025-09-03T09:53:00+05:30,170.6,candle_reversal,1,65,-1153.75,11.2,11.1775,13.001552984883867,9.438785131803844,0.17533207713960033,0.1616233596690271,3413625,3378900
NIFTY25090924700PE,buy,current,2025-09-03T10:40:00+05:30,182.8,2025-09-03T10:58:00+05:30,174.85,candle_reversal,1,65,-516.7500000000011,11.185,11.2325,6.615422158543319,5.627056159908519,0.15941719014461986,0.1479021165974544,3841500,3609150
NIFTY25090924700CE,buy,current,2025-09-03T12:10:00+05:30,84.6,2025-09-03T14:42:00+05:30,97.05,candle_reversal,1,65,809.2500000000002,11.0275,10.95,5.978344782141492,6.669822686765888,0.15793813606156568,0.22836154008341175,10623300,10651950
NIFTY25090925000CE,buy,current,2025-09-04T09:55:00+05:30,71.2,2025-09-04T10:13:00+05:30,49.05,candle_reversal,1,65,-1439.7500000000005,10.8675,11.0325,12.09497125661882,10.462256949309117,0.610091850276374,0.5405697841487103,14414625,15273225
NIFTY25090925000CE,buy,current,2025-09-04T10:25:00+05:30,55.7,2025-09-04T10:29:00+05:30,50.0,candle_reversal,1,65,-370.50000000000017,10.94,10.9575,9.832870391133133,9.333754715548395,0.463143840774818,0.48625753846972636,16845075,16533225
NIFTY25090924900CE,buy,current,2025-09-04T12:40:00+05:30,75.35,2025-09-04T13:44:00+05:30,67.0,candle_reversal,1,65,-542.7499999999997,11.035,10.9825,7.114022242363376,7.69000104459547,0.34519871745610264,0.40294541802510275,15748800,15007950
NIFTY25090924800PE,buy,current,2025-09-04T14:20:00+05:30,102.35,2025-09-04T14:44:00+05:30,107.95,candle_reversal,1,65,364.00000000000057,11.11,11.0425,8.430624491027169,11.192882938241842,0.34672933006613244,0.2807162450540333,8217975,6512175
NIFTY25111826000CE,buy,current,2025-11-12T09:45:00+05:30,87.9,2025-11-12T12:01:00+05:30,98.4,candle_reversal,1,65,682.5,11.9525,11.8575,13.166424805722249,4.838263130514115,0.5729643908787972,1.1012082466606652,9350400,9039000
NIFTY25111826000CE,buy,current,2025-11-12T12:10:00+05:30,104.2,2025-11-12T12:55:00+05:30,110.3,candle_reversal,1,65,396.49999999999966,12.0975,12.08,4.715298782471686,4.897729977161295,1.110906035182497,1.3155466218428051,9171825,8393550
NIFTY26012725200PE,buy,current,2026-01-21T09:40:00+05:30,124.6,2026-01-21T11:12:00+05:30,233.35,candle_reversal,1,65,7068.75,13.0725,13.885,26.630414140089947,16.513642726066294,1.829700997988245,0.626579013444726,12480715,4330105
NIFTY26012725000PE,buy,current,2026-01-21T11:15:00+05:30,128.4,2026-01-21T12:01:00+05:30,111.2,candle_reversal,1,65,-1118.0000000000002,13.935,13.8075,18.65334500359803,12.558812067763066,0.6411945976970012,0.7782301451129787,11260145,13003380
NIFTY26012725000PE,buy,current,2026-01-21T12:30:00+05:30,90.9,2026-01-21T12:34:00+05:30,82.95,candle_reversal,1,65,-516.7500000000002,13.665,13.6225,15.247473307425278,15.110962799603376,0.9529774946060132,0.941759826654366,12526670,12558975
NIFTY26012725300CE,buy,current,2026-01-21T12:50:00+05:30,166.75,2026-01-21T13:59:00+05:30,108.4,stop,1,65,-3792.7499999999995,13.59,13.8525,16.351178489354737,12.887382739147611,1.274971445104791,1.3827837261972415,7283445,8453380
NIFTY26042824200PE,buy,current,2026-04-22T09:45:00+05:30,155.3,2026-04-22T10:40:00+05:30,162.45,candle_reversal,1,65,464.7499999999985,18.2525,18.475,14.632308657725842,7.892678625594738,3.3500529432526767,3.19640283977085,2898805,2898350
NIFTY26042824100PE,buy,current,2026-04-22T10:45:00+05:30,126.1,2026-04-22T10:54:00+05:30,113.2,candle_reversal,1,65,-838.4999999999994,18.41,18.2675,7.4389705910459805,8.198599494097508,3.2146012226580445,3.426647185060043,1910350,1994200
NIFTY26042824200PE,buy,current,2026-04-22T11:50:00+05:30,148.45,2026-04-22T12:45:00+05:30,137.4,candle_reversal,1,65,-718.2499999999989,18.2475,18.1875,8.0076426309235,6.87903203995142,3.6068536632765436,3.681451315692489,3086460,3109275
NIFTY26042824200CE,buy,current,2026-04-22T14:00:00+05:30,370.6,2026-04-22T15:09:00+05:30,321.0,eod_square_off,1,65,-3224.0000000000014,17.91,18.3825,7.289409070604504,7.19840714570355,3.7152414570588994,3.585870740305523,1341145,1376050
NIFTY26071424200PE,buy,current,2026-07-08T11:45:00+05:30,121.75,2026-07-08T15:09:00+05:30,393.8,eod_square_off,1,65,17683.25,12.22,14.765,7.68485697298775,18.26189157043301,3.1539328950447865,0.6683902736475048,10070515,4292600
